From,To,Type
Using Social Networks Safely: Establishing trust with others on Social Networking platforms,Security in a Box,Source
Using Social Networks Safely: Getting started with Social Networks,Security in a Box,Source
Using Social Networks Safely: How to control access to friends & contacts?,Security in a Box,Source
Using Social Networks Safely: How to control access to your personal details?,Security in a Box,Source
Using Social Networks Safely: How to chat securely?,Security in a Box,Source
Using Social Networks Safely: Who controls and owns your information on Social Networking platforms?,Security in a Box,Source
Using Social Networks Safely: Who can access your information on Social Networking platforms?,Security in a Box,Source
Dealing with Emergencies: Seeking Remote Help,Digital First Aid Kit,Source
How it works: Computers,How it works: Getting Started,Depends
How it works: Internet,How it works: Computers,Depends
How it works: Cookies,How it works: Internet,Depends
How it works: Phones,How it works: Getting Started,Depends
How it works: Smart Phones,How it works: Computers,Depends
Security: Your security,Security: Getting Started,Depends
Security: Your well being,Security: Getting Started,Depends
Security: Your story,Security: Getting Started,Depends
Security: Your sources,Security: Getting Started,Depends
Security: Your colleagues,Security: Getting Started,Depends
Operational Security Basics: Getting Started,Security: Getting Started,Depends
Operational Security Basics: Establishing trust ,Operational Security Basics: Getting Started,Depends
Operational Security Basics: Organisational Security,Operational Security Basics: Getting Started,Depends
Digital Security Basics: Getting Started,Operational Security Basics: Getting Started,Depends
Digital Security Basics: Encryption,Digital Security Basics: Getting Started,Depends
Digital Security Basics: Encryption,How it works: Computers,Depends
Digital Security Basics: Metadata,Digital Security Basics: Getting Started,Depends
Digital Security Basics: Passwords,Digital Security Basics: Encryption,Depends
Digital Security Basics: Secure Communications,Digital Security Basics: Getting Started,Depends
Digital Security Basics: Secure Communications,How it works: Internet,Depends
Digital Security Basics: Protecting your Identity,Digital Security Basics: Getting Started,Depends
Digital Security Basics: Protecting your Identity,How it works: Internet,Depends
Digital Security Basics: Establishing trust,Operational Security Basics: Establishing trust ,Depends
Planning and Preparing: Getting Started,Operational Security Basics: Getting Started,Depends
Planning and Preparing: Understanding Threats,Planning and Preparing: Getting Started,Depends
Planning and Preparing: How to Assess your Risk?,Planning and Preparing: Getting Started,Depends
Planning and Preparing: How to Assess your Digital Security Risk?,Planning and Preparing: Getting Started,Depends
Planning and Preparing: Preparing for emergencies with your contacts,Planning and Preparing: Getting Started,Depends
Dealing with Emergencies: Getting Started,Operational Security Basics: Getting Started,Depends
Dealing with Emergencies: Seeking Remote Help,Digital Security Basics: Secure Communications,Depends
Dealing with Emergencies: Seeking Remote Help,Dealing with Emergencies: Getting Started,Depends
Dealing with Emergencies: Account Hijacking,Dealing with Emergencies: Getting Started,Depends
Dealing with Emergencies: Devices Seized,Dealing with Emergencies: Getting Started,Depends
Dealing with Emergencies: Malware,Dealing with Emergencies: Getting Started,Depends
Dealing with Emergencies: DDOS Mitigation,Dealing with Emergencies: Getting Started,Depends
Dealing with Emergencies: After an Emergency,Dealing with Emergencies: Getting Started,Depends
Dealing with Emergencies: After an Emergency,Planning and Preparing: Getting Started,Depends
Using Phones Safely: Getting Started,How it works: Phones,Depends
Using Phones Safely: Instant Messaging on Smart Phones,How it works: Phones,Depends
Using Social Networks Safely: Getting started with Social Networks,How it works: Internet,Depends
Using Social Networks Safely: Getting started with Social Networks,Digital Security Basics: Passwords,Depends
Using Social Networks Safely: How to control access to friends & contacts?,Using Social Networks Safely: Getting started with Social Networks,Depends
Using Social Networks Safely: How to control access to your personal details?,Using Social Networks Safely: Getting started with Social Networks,Depends
Using Social Networks Safely: How to chat securely?,Using Social Networks Safely: Getting started with Social Networks,Depends
Using Social Networks Safely: Who controls and owns your information on Social Networking platforms?,Using Social Networks Safely: Getting started with Social Networks,Depends
Using Social Networks Safely: Who can access your information on Social Networking platforms?,Using Social Networks Safely: Getting started with Social Networks,Depends
Using Social Networks Safely: Establishing trust with others on Social Networking platforms,Using Social Networks Safely: Getting started with Social Networks,Depends
Using the Internet Anonymously: Getting Started,How it works: Internet,Depends
Using the Internet Anonymously: Getting Started,Digital Security Basics: Protecting your Identity,Depends
Using the Internet Anonymously: How to use Onion Routing,Using the Internet Anonymously: Getting Started,Depends
Using the Internet Anonymously: How to leave less traces while browsing,Using the Internet Anonymously: Getting Started,Depends
Using the Internet Anonymously: How to leave less traces while browsing,How it works: Cookies,Depends
Android: Getting Started,How it works: Smart Phones,Depends
Open Mentoring App: Getting Started,How it works: Smart Phones,Depends
Open Mentoring App: How to share the Open Mentoring App,Open Mentoring App: Getting Started,Depends
Signal: Getting Started,How it works: Smart Phones,Depends
Signal: Installation and Configuration,Signal: Getting Started,Depends
Signal: Installation and Configuration,Android: Getting Started,Depends
Signal: Instant Messaging,Signal: Getting Started,Depends
Signal: Instant Messaging,Using Phones Safely: Instant Messaging on Smart Phones,Depends
Signal: Voice Call,Signal: Getting Started,Depends